elapsed_ms,C_raw_pF
2262202,83.8
2264253,83.79
2266304,83.78
2268355,83.81
2270406,83.82
2272457,83.81
2274508,83.85
2276559,83.87
2278610,83.89
2280661,83.89
2282712,83.88
2284763,83.88
2286814,83.94
2288865,83.98
