elapsed_ms,C_cal_pF
2262202,68.67
2264253,68.66
2266304,68.65
2268355,68.68
2270406,68.7
2272457,68.68
2274508,68.72
2276559,68.75
2278610,68.76
2280661,68.76
2282712,68.76
2284763,68.76
2286814,68.82
2288865,68.86
